{
    "4cae68": 1765659921.7206767,
    "485061": 1765659922.4095275,
    "4cadb7": 1765666313.9938745
}