{
    "4cae68": 1765659921.7206767,
    "485061": 1765659922.4095275,
    "4cadb7": 1765666313.9938745,
    "4067a3": 1767058786.8902879,
    "4bb722": 1767058788.8820078,
    "a4080c": 1767058789.587922
}